{
	"appId": "com.weatherapp.pure",
	"appName": "Pure Weather",
	"webDir": "build",
	"linuxAndroidStudioPath": "/home/fm/android-studio/bin/studio.sh",
	"bundledWebRuntime": false,
	"plugins": {
		"SplashScreen": {
			"launchShowDuration": 1000,
			"launchAutoHide": true,
			"backgroundColor": "#6A1B9A",
			"androidSplashResourceName": "splash",
			"androidScaleType": "CENTER_CROP",
			"showSpinner": false,
			"androidSpinnerStyle": "large",
			"iosSpinnerStyle": "small",
			"spinnerColor": "#999999",
			"splashFullScreen": true,
			"splashImmersive": true,
			"layoutName": "launch_screen",
			"useDialog": true
		}
	}
}
